{"grid": [[0, 0, 0, 0], [0, 0, 0, 0], [0, 2, 0, 4], [0, 0, 0, 0]], "score": 0, "high_score": 3044, "moves_count": 0, "start_time": 1748793359.7606506, "elapsed_time": 3.467284917831421}